{
  "view/View1.view.xml": 1709637963323,
  "i18n/i18n.properties": 1709637963315,
  "i18n/i18n_en_US.properties": 1709637963315,
  "manifest.json": 1709642896222,
  "model/package_type.json": 1709637963319,
  "model/mob_country_code.json": 1709637963319,
  "model/inco.json": 1709637963319,
  "model/docs.json": 1709637963319,
  "model/vhicle.json": 1709637963319,
  "model/models.js": 1709637963319,
  "controller/View1.controller.js": 1709637963315,
  "controller/Review.controller.js": 1709637963315,
  "controller/Part_4.controller.js": 1709637963315,
  "controller/Part_3.controller.js": 1709637963311,
  "controller/Part_2.controller.js": 1709637963311,
  "controller/Part_1.controller.js": 1709637963311,
  "controller/Home.controller.js": 1709637963311,
  "controller/App.controller.js": 1709637963311,
  "Component.js": 1709637963311,
  "Component-preload.js": 1709642896971,
  "controller/Review-dbg.controller.js": 1709637963315,
  "controller/View1-dbg.controller.js": 1709637963315,
  "model/models-dbg.js": 1709637963319,
  "controller/Part_4-dbg.controller.js": 1709637963315,
  "controller/Part_3-dbg.controller.js": 1709637963311,
  "controller/Part_2-dbg.controller.js": 1709637963311,
  "controller/Part_1-dbg.controller.js": 1709637963311,
  "controller/Home-dbg.controller.js": 1709637963311,
  "controller/App-dbg.controller.js": 1709637963311,
  "Component-dbg.js": 1709637963311,
  "i18n/i18n _en.properties": 1709637963315,
  "view/SavevalueHelp.fragment.xml": 1709637963323,
  "view/Review.view.xml": 1709637963323,
  "view/RefvalueHelp.fragment.xml": 1709637963323,
  "view/Part_4.view.xml": 1709637963323,
  "view/Part_3.view.xml": 1709637963323,
  "view/Part_2.view.xml": 1709637963323,
  "view/Part_1.view.xml": 1709637963323,
  "view/PROvalueHelp.fragment.xml": 1709637963319,
  "view/POvalueHelp.fragment.xml": 1709637963319,
  "view/Home.view.xml": 1709637963319,
  "view/Containers.fragment.xml": 1709637963319,
  "view/App.view.xml": 1709637963319,
  "css/style.css": 1709637963315,
  "index.html": 1709637963315
}