{
  "controller/blocks/ShipInfoBlock.js": 1707805579986,
  "controller/page2.controller.js": 1707799923437,
  "i18n/i18n.properties": 1707814355213,
  "controller/blocks/MatInfoBlock.js": 1707818156602,
  "controller/blocks/CheckInfoBlock.js": 1707816605237,
  "controller/blocks/BasicInfoBlock.js": 1707802414185,
  "model/models.js": 1707709484159,
  "manifest.json": 1707822982727,
  "controller/LrfTracker.controller.js": 1707809125244,
  "controller/App.controller.js": 1707709484163,
  "Component.js": 1707709484155,
  "Component-preload.js": 1707822985174,
  "controller/blocks/ShipInfoBlock-dbg.js": 1707805579986,
  "controller/blocks/MatInfoBlock-dbg.js": 1707818156602,
  "controller/blocks/CheckInfoBlock-dbg.js": 1707816605237,
  "controller/blocks/BasicInfoBlock-dbg.js": 1707802414185,
  "model/models-dbg.js": 1707709484159,
  "controller/page2-dbg.controller.js": 1707799923437,
  "controller/LrfTracker-dbg.controller.js": 1707809125244,
  "controller/App-dbg.controller.js": 1707709484163,
  "Component-dbg.js": 1707709484155,
  "view/blocks/ShipInfoBlock.view.xml": 1707815626152,
  "view/blocks/MatInfoBlock.view.xml": 1707817829612,
  "view/blocks/CheckInfoBlock.view.xml": 1707817021566,
  "view/blocks/BasicInfoBlock.view.xml": 1707804036629,
  "view/page2.view.xml": 1707816504002,
  "view/LrfTracker.view.xml": 1707818640110,
  "view/App.view.xml": 1707709484163,
  "css/style.css": 1707807871429,
  "index.html": 1707709484159
}