{
  "controller/App.controller.js": 1709119316000,
  "controller/blocks/MatInfoBlock.js": 1709119316000,
  "model/mob_country_code.json": 1709119316000,
  "model/UserData.json": 1709119316000,
  "manifest.json": 1709726266636,
  "controller/blocks/ShipInfoBlock.js": 1709119316000,
  "model/vhicle.json": 1709119316000,
  "controller/blocks/CheckInfoBlock.js": 1709119316000,
  "controller/blocks/BasicInfoBlock.js": 1709119316000,
  "model/models.js": 1709119316000,
  "controller/page2.controller.js": 1709119316000,
  "controller/oDataHelper.js": 1709119316000,
  "controller/FFDetails.controller.js": 1709119316000,
  "controller/DeliveryDetails.controller.js": 1709119316000,
  "controller/BLrfTracker.controller.js": 1709620464000,
  "i18n/i18n.properties": 1709119316000,
  "Component.js": 1709119316000,
  "Component-preload.js": 1709726267135,
  "controller/FFDetails-dbg.controller.js": 1709119316000,
  "controller/blocks/MatInfoBlock-dbg.js": 1709119316000,
  "controller/blocks/CheckInfoBlock-dbg.js": 1709119316000,
  "controller/blocks/BasicInfoBlock-dbg.js": 1709119316000,
  "model/models-dbg.js": 1709119316000,
  "controller/page2-dbg.controller.js": 1709119316000,
  "controller/oDataHelper-dbg.js": 1709119316000,
  "controller/blocks/ShipInfoBlock-dbg.js": 1709119316000,
  "controller/DeliveryDetails-dbg.controller.js": 1709119316000,
  "controller/BLrfTracker-dbg.controller.js": 1709620464000,
  "controller/App-dbg.controller.js": 1709119316000,
  "Component-dbg.js": 1709119316000,
  "view/blocks/ShipInfoBlock.view.xml": 1709119316000,
  "view/blocks/MatInfoBlock.view.xml": 1709119316000,
  "view/blocks/CheckInfoBlock.view.xml": 1709119316000,
  "view/blocks/BasicInfoBlock.view.xml": 1709119316000,
  "view/page2.view.xml": 1709119316000,
  "view/MPL_Email.fragment.xml": 1709119316000,
  "view/FF_Email.fragment.xml": 1709119316000,
  "view/FFDetails.view.xml": 1709119316000,
  "view/DeliveryDetails.view.xml": 1709119316000,
  "view/CHA_Email.fragment.xml": 1709119316000,
  "view/BLrfTracker.view.xml": 1709119316000,
  "view/App.view.xml": 1709119316000,
  "css/style.css": 1709119316000,
  "index.html": 1709119316000
}